train_loss,epoch,step
6.3183465003967285,0,49
3.6304574012756348,0,99
3.1356234550476074,0,149
